scenario,price_high_q,fundamental_high_q,fundamental_low_q,exposure,control,high_price_exposed_rate,high_price_unexposed_rate,high_price_difference_pp,high_price_relative_lift,low_price_exposed_rate,low_price_unexposed_rate,low_price_difference_pp,price_difference_eur_per_mwh,valid_strata,weighted_common_support_rows,exposed_rows,unexposed_rows
base_p90,0.9,0.9,0.1,high_residual_load,year_month_x_delivery_hour,0.6468880977523673,0.10149492598203216,54.53931717703352,6.373600369607512,0.0,0.04994661865222989,-4.994661865222989,59.130374277125526,823,25034,4409,39438
base_p90,0.9,0.9,0.1,low_renewable_share,year_month_x_delivery_hour,0.3364661778425734,0.08838054545609157,24.80856323864818,3.8070163077883863,0.00022305147384335143,0.07431230561962493,-7.408925414578158,43.959958104446045,1011,30749,4409,39438
base_p90,0.9,0.9,0.1,high_abs_residual_ramp,year_month_x_delivery_hour,0.1032865207805889,0.1177776999035242,-1.4491179122935294,0.8769616053395038,0.04077797426771478,0.09873940556728061,-5.796143129956583,7.720387727117938,661,20124,4409,39438
base_p90,0.9,0.9,0.1,high_residual_and_low_renewable,year_month_x_delivery_hour,0.7042583364379903,0.1626579890377285,54.16003474002618,4.3296879581773124,0.0,0.03624141298449719,-3.6241412984497194,61.47783264906403,586,17797,1966,41881
base_p90,0.9,0.9,0.1,composite_fundamental_stress,year_month_x_delivery_hour,0.6626008031280637,0.15448443378094584,50.81163693471178,4.289110474830177,0.0,0.03931383628409471,-3.931383628409471,58.856850935635094,632,19209,2317,41530
base_p90,0.9,0.9,0.1,high_residual_load,year_month_x_delivery_hour_x_weekend,0.6399662825657902,0.1304796408876915,50.94866416780987,4.904721366581872,0.0,0.02269973689490478,-2.269973689490478,50.9303949345917,874,18320,4409,39438
base_p90,0.9,0.9,0.1,low_renewable_share,year_month_x_delivery_hour_x_weekend,0.33527012518489396,0.09939170361806964,23.58784215668243,3.373220429677202,0.0002118263988336688,0.06612791969763178,-6.591609329879811,41.92183470363372,1580,26804,4409,39438
base_p90,0.9,0.9,0.1,high_abs_residual_ramp,year_month_x_delivery_hour_x_weekend,0.10505066559635395,0.13980436795166992,-3.4753702355315967,0.7514118988948167,0.043047816892232825,0.0691381926964842,-2.609037580425138,-0.1636059934554197,883,15744,4409,39438
base_p90,0.9,0.9,0.1,high_residual_and_low_renewable,year_month_x_delivery_hour_x_weekend,0.703231267606674,0.2083196808623667,49.49115867443072,3.3757313024653057,0.0,0.016220476228732607,-1.6220476228732608,54.44369823001509,635,13110,1966,41881
base_p90,0.9,0.9,0.1,composite_fundamental_stress,year_month_x_delivery_hour_x_weekend,0.6613137556833848,0.19804938936328825,46.32643663200965,3.3391355449741686,0.0,0.018688321445565065,-1.8688321445565066,51.62472072790527,696,14241,2317,41530
price_p85,0.85,0.9,0.1,high_residual_load,year_month_x_delivery_hour,0.7994520685042741,0.19192839967091185,60.75236688333623,4.165366198410692,0.0,0.04994661865222989,-4.994661865222989,59.130374277125526,823,25034,4409,39438
price_p85,0.85,0.9,0.1,low_renewable_share,year_month_x_delivery_hour,0.4278188926115742,0.1433291727524822,28.4489719859092,2.9848696144390825,0.00022305147384335143,0.07431230561962493,-7.408925414578158,43.959958104446045,1011,30749,4409,39438
price_p85,0.85,0.9,0.1,high_abs_residual_ramp,year_month_x_delivery_hour,0.17059968898571046,0.18005394823705903,-0.9454259251348573,0.9474920747702733,0.04077797426771478,0.09873940556728061,-5.796143129956583,7.720387727117938,661,20124,4409,39438
price_p85,0.85,0.9,0.1,high_residual_and_low_renewable,year_month_x_delivery_hour,0.8303511037641021,0.26283861691283933,56.751248685126285,3.159167071859373,0.0,0.03624141298449719,-3.6241412984497194,61.47783264906403,586,17797,1966,41881
price_p85,0.85,0.9,0.1,composite_fundamental_stress,year_month_x_delivery_hour,0.7980244979987222,0.2509478555868288,54.707664241189335,3.180041113053477,0.0,0.03931383628409471,-3.931383628409471,58.856850935635094,632,19209,2317,41530
price_p85,0.85,0.9,0.1,high_residual_load,year_month_x_delivery_hour_x_weekend,0.7951031530267975,0.23895560340817393,55.61475496186235,3.327409534182949,0.0,0.02269973689490478,-2.269973689490478,50.9303949345917,874,18320,4409,39438
price_p85,0.85,0.9,0.1,low_renewable_share,year_month_x_delivery_hour_x_weekend,0.42698612411270337,0.15876332269164886,26.82228014210545,2.6894506670284204,0.0002118263988336688,0.06612791969763178,-6.591609329879811,41.92183470363372,1580,26804,4409,39438
price_p85,0.85,0.9,0.1,high_abs_residual_ramp,year_month_x_delivery_hour_x_weekend,0.17153981509158092,0.2163527722979974,-4.481295720641648,0.7928708898414644,0.043047816892232825,0.0691381926964842,-2.609037580425138,-0.1636059934554197,883,15744,4409,39438
price_p85,0.85,0.9,0.1,high_residual_and_low_renewable,year_month_x_delivery_hour_x_weekend,0.829835308301104,0.32329705235223516,50.65382559488688,2.566788970896619,0.0,0.016220476228732607,-1.6220476228732608,54.44369823001509,635,13110,1966,41881
price_p85,0.85,0.9,0.1,composite_fundamental_stress,year_month_x_delivery_hour_x_weekend,0.7971067837496574,0.3093563769176749,48.77504068319824,2.5766618800354686,0.0,0.018688321445565065,-1.8688321445565066,51.62472072790527,696,14241,2317,41530
price_p95,0.95,0.9,0.1,high_residual_load,year_month_x_delivery_hour,0.38928638561085677,0.029375205775931924,35.99111798349248,13.252209655321359,0.0,0.04994661865222989,-4.994661865222989,59.130374277125526,823,25034,4409,39438
price_p95,0.95,0.9,0.1,low_renewable_share,year_month_x_delivery_hour,0.22201477674150832,0.036262042873440495,18.575273386806785,6.122511561645061,0.00022305147384335143,0.07431230561962493,-7.408925414578158,43.959958104446045,1011,30749,4409,39438
price_p95,0.95,0.9,0.1,high_abs_residual_ramp,year_month_x_delivery_hour,0.045961232006774266,0.057505303186180835,-1.154407117940657,0.7992520595529921,0.04077797426771478,0.09873940556728061,-5.796143129956583,7.720387727117938,661,20124,4409,39438
price_p95,0.95,0.9,0.1,high_residual_and_low_renewable,year_month_x_delivery_hour,0.4820617863181973,0.0665736783395911,41.54881079786062,7.24102675924273,0.0,0.03624141298449719,-3.6241412984497194,61.47783264906403,586,17797,1966,41881
price_p95,0.95,0.9,0.1,composite_fundamental_stress,year_month_x_delivery_hour,0.44104505358485496,0.06371045329987002,37.73346002849849,6.92264818002409,0.0,0.03931383628409471,-3.931383628409471,58.856850935635094,632,19209,2317,41530
price_p95,0.95,0.9,0.1,high_residual_load,year_month_x_delivery_hour_x_weekend,0.3794146989856053,0.041145613807423286,33.826908517818204,9.221267199011944,0.0,0.02269973689490478,-2.269973689490478,50.9303949345917,874,18320,4409,39438
price_p95,0.95,0.9,0.1,low_renewable_share,year_month_x_delivery_hour_x_weekend,0.22113737779084128,0.041592671700582916,17.954470609025837,5.316738953024315,0.0002118263988336688,0.06612791969763178,-6.591609329879811,41.92183470363372,1580,26804,4409,39438
price_p95,0.95,0.9,0.1,high_abs_residual_ramp,year_month_x_delivery_hour_x_weekend,0.048614508222157404,0.06464918738325232,-1.6034679161094911,0.7519740029207425,0.043047816892232825,0.0691381926964842,-2.609037580425138,-0.1636059934554197,883,15744,4409,39438
price_p95,0.95,0.9,0.1,high_residual_and_low_renewable,year_month_x_delivery_hour_x_weekend,0.48077451328389015,0.09042198674850774,39.035252653538244,5.317008955145796,0.0,0.016220476228732607,-1.6220476228732608,54.44369823001509,635,13110,1966,41881
price_p95,0.95,0.9,0.1,composite_fundamental_stress,year_month_x_delivery_hour_x_weekend,0.4399823348866606,0.0870820540281418,35.29002808585188,5.052502950199981,0.0,0.018688321445565065,-1.8688321445565066,51.62472072790527,696,14241,2317,41530
states_p85_p15,0.9,0.85,0.15,high_residual_load,year_month_x_delivery_hour,0.5123911626250629,0.056864387708229526,45.55267749168333,9.010756701613243,0.0,0.06141426637602761,-6.141426637602761,57.0524940808031,985,29964,6593,37254
states_p85_p15,0.9,0.85,0.15,low_renewable_share,year_month_x_delivery_hour,0.3121643429422171,0.07399548766236087,23.816885527985626,4.218694312369605,0.0002860206692231929,0.08196567013248014,-8.167964946325695,43.288346028103504,1075,32707,6593,37254
states_p85_p15,0.9,0.85,0.15,high_abs_residual_ramp,year_month_x_delivery_hour,0.10099172980884329,0.11286388535933266,-1.1872155550489372,0.8948099694362713,0.04463464615765836,0.10328947540236724,-5.865482924470888,8.955124702156894,873,26570,6593,37254
states_p85_p15,0.9,0.85,0.15,high_residual_and_low_renewable,year_month_x_delivery_hour,0.5863203184296398,0.12008444031313746,46.62358781165024,4.882566941235061,0.0,0.04434946379549186,-4.434946379549186,55.90582117971796,749,22759,3391,40456
states_p85_p15,0.9,0.85,0.15,composite_fundamental_stress,year_month_x_delivery_hour,0.5376304733556604,0.10787641012538757,42.97540632302728,4.983763111237744,0.0,0.048396678477767865,-4.839667847776787,53.981967657787166,823,25020,4130,39717
states_p85_p15,0.9,0.85,0.15,high_residual_load,year_month_x_delivery_hour_x_weekend,0.4991389810160642,0.07314542669410766,42.59935543219565,6.8239260275758715,0.0,0.031094835267464982,-3.109483526746498,49.66710336861037,1123,22578,6593,37254
states_p85_p15,0.9,0.85,0.15,low_renewable_share,year_month_x_delivery_hour_x_weekend,0.3103599299134263,0.08280734504617124,22.75525848672551,3.747975855769529,0.0002965448903749872,0.07305541784276467,-7.275887295238968,41.44943362261276,1814,29770,6593,37254
states_p85_p15,0.9,0.85,0.15,high_abs_residual_ramp,year_month_x_delivery_hour_x_weekend,0.10043139885530064,0.13535440875928792,-3.4923009903987277,0.7419883827641418,0.04746694198089418,0.07907630768940889,-3.1609365708514714,1.5789775105732957,1221,21257,6593,37254
states_p85_p15,0.9,0.85,0.15,high_residual_and_low_renewable,year_month_x_delivery_hour_x_weekend,0.5850936364910488,0.15315041985848254,43.19432166325663,3.820385455238713,0.0,0.022693647909464067,-2.2693647909464065,49.69577741399284,883,17373,3391,40456
states_p85_p15,0.9,0.85,0.15,composite_fundamental_stress,year_month_x_delivery_hour_x_weekend,0.5348513731065282,0.13840521672005057,39.644615638647764,3.86438738207651,0.0,0.026511782710399417,-2.651178271039942,47.7749565296684,992,19277,4130,39717
states_p95_p05,0.9,0.95,0.05,high_residual_load,year_month_x_delivery_hour,0.7999620929520185,0.18322615604217832,61.67359369098402,4.365981965849181,0.0,0.03736568968276896,-3.736568968276896,64.98273682928982,616,18742,2222,41625
states_p95_p05,0.9,0.95,0.05,low_renewable_share,year_month_x_delivery_hour,0.359853128657101,0.10963268628081878,25.022044237628222,3.2823525616744877,0.0,0.06673379329647514,-6.6733793296475135,45.70204430879272,877,26682,2222,41625
states_p95_p05,0.9,0.95,0.05,high_abs_residual_ramp,year_month_x_delivery_hour,0.10638039424164353,0.12225172420388913,-1.5871329962245606,0.8701750010840281,0.0273545113306242,0.09617072525933358,-6.8816213928709375,10.885118226927716,400,12189,2222,41625
states_p95_p05,0.9,0.95,0.05,high_residual_and_low_renewable,year_month_x_delivery_hour,0.8321657670259648,0.22553911112980857,60.662665589615614,3.689673878988614,0.0,0.029264274091867316,-2.9264274091867315,74.47911556733825,367,11146,787,43060
states_p95_p05,0.9,0.95,0.05,composite_fundamental_stress,year_month_x_delivery_hour,0.7947846587089153,0.21469033170681442,58.0094327002101,3.702004894166775,0.0,0.03365661502527224,-3.3656615025272245,71.72828166541962,407,12360,880,42967
states_p95_p05,0.9,0.95,0.05,high_residual_load,year_month_x_delivery_hour_x_weekend,0.7971248083304845,0.23895517597936156,55.8169632351123,3.3358758815893226,0.0,0.015322155107730731,-1.532215510773073,56.11403302105052,621,13443,2222,41625
states_p95_p05,0.9,0.95,0.05,low_renewable_share,year_month_x_delivery_hour_x_weekend,0.36114325606639763,0.12188699755804484,23.92562585083528,2.9629350406667827,0.0,0.061065979980448895,-6.106597998044889,43.863285427976834,1194,21318,2222,41625
states_p95_p05,0.9,0.95,0.05,high_abs_residual_ramp,year_month_x_delivery_hour_x_weekend,0.11090170794503638,0.13778276208991302,-2.688105414487664,0.8049026326868463,0.027255635600056012,0.06611389068909217,-3.8858255089036153,4.803834553400037,531,9494,2222,41625
states_p95_p05,0.9,0.95,0.05,high_residual_and_low_renewable,year_month_x_delivery_hour_x_weekend,0.8320605393064318,0.29459258577252534,53.74679535339064,2.8244449435971934,0.0,0.010795091404684593,-1.0795091404684594,66.10438420929677,372,8009,787,43060
states_p95_p05,0.9,0.95,0.05,composite_fundamental_stress,year_month_x_delivery_hour_x_weekend,0.7944691870430818,0.2795953338155118,51.48738532275699,2.8414965879484395,0.0,0.013440699501313637,-1.3440699501313638,63.15350173935104,418,8912,880,42967
