period_type,period,rows,exposed_rows,high_price_exposed_rate,high_price_unexposed_rate,high_price_difference_pp,high_price_relative_lift,valid_strata,weighted_common_support_rows
year,2020,8783,474,0.6577972238371378,0.13647817967539583,52.131904416174194,4.819797753763013,126,3835
year,2021,8760,401,0.6087296012680399,0.1486987671154659,46.00308341525739,4.093709807259908,114,3448
year,2022,8760,443,0.6052646539861609,0.15009017390741444,45.51744800787465,4.03267341378076,121,3674
year,2023,8760,508,0.7391981110957841,0.15459197434095298,58.46061367548312,4.7816072874875175,133,4051
year,2024,8784,491,0.684216610757987,0.18053937607325926,50.36772346847278,3.7898469887275206,138,4201
year_month,2020-01,743,39,0.7928832116788322,0.09854014598540141,69.43430656934308,8.046296296296301,16,496
year_month,2020-02,696,56,0.6491477272727272,0.08806818181818181,56.10795454545454,7.370967741935484,19,551
year_month,2020-03,743,43,0.5939781021897811,0.13229927007299272,46.16788321167884,4.4896551724137925,9,279
year_month,2020-04,720,33,0.8395378690629013,0.2682926829268293,57.1245186136072,3.1291866028708135,6,180
year_month,2020-05,744,32,0.7109004739336494,0.1599526066350711,55.09478672985784,4.444444444444445,8,248
year_month,2020-06,720,29,0.33521923620933525,0.17680339462517683,15.841584158415841,1.896,6,180
year_month,2020-07,744,26,0.5798192771084337,0.16566265060240962,41.415662650602414,3.5000000000000004,6,186
year_month,2020-08,744,39,0.5467706013363028,0.17260579064587972,37.41648106904231,3.1677419354838707,7,217
year_month,2020-09,720,40,0.6431623931623931,0.1420940170940171,50.10683760683761,4.526315789473684,7,210
year_month,2020-10,745,39,0.7323135755258127,0.13957934990439771,59.2734225621415,5.2465753424657535,11,341
year_month,2020-11,720,43,0.45776566757493176,0.14986376021798362,30.79019073569481,3.0545454545454542,14,420
year_month,2020-12,744,55,0.852980132450331,0.06225165562913904,79.0728476821192,13.702127659574472,17,527
year_month,2021-01,744,22,0.864353312302839,0.1230283911671924,74.13249211356465,7.025641025641026,12,372
year_month,2021-02,672,41,0.7117117117117115,0.11211211211211211,59.95995995995994,6.348214285714285,16,448
year_month,2021-03,743,36,0.6155555555555555,0.1955555555555555,42.00000000000001,3.1477272727272734,7,217
year_month,2021-04,720,35,0.7377423033067275,0.1493728620296465,58.8369441277081,4.9389312977099245,9,270
year_month,2021-05,744,36,0.5627802690582959,0.12892376681614348,43.38565022421525,4.365217391304348,7,217
year_month,2021-06,720,27,0.41301059001512863,0.17095310136157335,24.205748865355527,2.4159292035398234,6,180
year_month,2021-07,744,21,0.6611111111111111,0.16296296296296298,49.81481481481481,4.056818181818182,5,155
year_month,2021-08,744,32,0.5671462829736211,0.1594724220623501,40.7673860911271,3.5563909774436095,7,217
year_month,2021-09,720,35,0.40781440781440775,0.2576312576312576,15.018315018315015,1.5829383886255923,7,210
year_month,2021-10,745,46,0.7166962699822381,0.11456483126110127,60.21314387211368,6.255813953488372,10,310
year_month,2021-11,720,32,0.2848970251716247,0.16247139588100687,12.242562929061782,1.7535211267605633,16,480
year_month,2021-12,744,38,0.7302371541501975,0.08300395256916997,64.72332015810277,8.797619047619046,12,372
year_month,2022-01,744,43,0.878813559322034,0.07881355932203388,80.0,11.150537634408606,17,527
year_month,2022-02,672,48,0.7961608775137112,0.07404021937842781,72.21206581352834,10.753086419753085,13,364
year_month,2022-03,743,37,0.10232067510548522,0.20569620253164558,-10.337552742616037,0.49743589743589733,8,248
year_month,2022-04,720,41,0.7825182101977107,0.11862643080124871,66.3891779396462,6.596491228070175,7,210
year_month,2022-05,744,31,0.712121212121212,0.15404040404040406,55.808080808080796,4.62295081967213,6,186
year_month,2022-06,720,29,0.38733431516936667,0.23122238586156113,15.611192930780554,1.6751592356687894,6,180
year_month,2022-07,744,23,0.6990445859872612,0.22770700636942673,47.13375796178344,3.0699300699300704,7,217
year_month,2022-08,744,29,0.24601063829787234,0.2699468085106383,-2.393617021276595,0.9113300492610837,7,217
year_month,2022-09,720,37,0.372615039281706,0.24354657687991024,12.906846240179574,1.529953917050691,8,240
year_month,2022-10,745,45,0.6751760563380282,0.11971830985915491,55.545774647887335,5.639705882352943,11,341
year_month,2022-11,720,40,0.8551912568306012,0.09198542805100182,76.32058287795994,9.297029702970297,17,510
year_month,2022-12,744,40,0.49165120593692013,0.1224489795918367,36.92022263450834,4.015151515151516,14,434
year_month,2023-01,744,43,0.8589527027027029,0.07601351351351351,78.29391891891893,11.300000000000002,15,465
year_month,2023-02,672,42,0.7126315789473683,0.1494736842105263,56.3157894736842,4.767605633802817,9,252
year_month,2023-03,743,45,0.7870689655172415,0.15344827586206897,63.362068965517246,5.129213483146068,12,372
year_month,2023-04,720,43,0.6851338873499538,0.1431209602954755,54.201292705447834,4.787096774193549,12,360
year_month,2023-05,744,45,0.6460869565217391,0.1965217391304348,44.95652173913043,3.2876106194690258,13,403
year_month,2023-06,720,28,0.7307692307692307,0.2248520710059172,50.59171597633135,3.249999999999999,6,180
year_month,2023-07,744,52,0.70949263502455,0.1816693944353519,52.782324058919805,3.9054054054054053,9,279
year_month,2023-08,744,33,0.7276029055690072,0.18644067796610164,54.116222760290555,3.9025974025974035,6,186
year_month,2023-09,720,38,0.7560439560439559,0.2714285714285714,48.46153846153845,2.7854251012145745,8,240
year_month,2023-10,745,45,0.7402482269503544,0.16932624113475178,57.09219858156026,4.371727748691098,9,279
year_month,2023-11,720,47,0.7399209486166007,0.09090909090909086,64.90118577075098,8.139130434782613,19,570
year_month,2023-12,744,47,0.7638888888888887,0.08719135802469133,67.66975308641973,8.761061946902656,15,465
year_month,2024-01,744,48,0.638763197586727,0.09276018099547509,54.600301659125186,6.886178861788619,17,527
year_month,2024-02,696,50,0.6317891373801915,0.13658146964856233,49.52076677316292,4.625730994152044,18,522
year_month,2024-03,743,44,0.8066298342541436,0.19337016574585636,61.32596685082872,4.171428571428571,9,279
year_month,2024-04,720,48,0.6814159292035397,0.17876106194690264,50.2654867256637,3.8118811881188113,9,270
year_month,2024-05,744,34,0.6229885057471264,0.27356321839080455,34.94252873563218,2.2773109243697482,9,279
year_month,2024-06,720,35,0.7270501835985312,0.23378212974296206,49.326805385556916,3.1099476439790577,7,210
year_month,2024-07,744,36,0.6413793103448275,0.2885057471264368,35.28735632183908,2.2231075697211153,7,217
year_month,2024-08,744,33,0.6763959390862945,0.3083756345177665,36.8020304568528,2.1934156378600824,6,186
year_month,2024-09,720,38,0.6977459016393442,0.1875,51.02459016393443,3.721311475409836,12,360
year_month,2024-10,745,44,0.643238434163701,0.199288256227758,44.39501779359429,3.227678571428571,12,372
year_month,2024-11,720,35,0.73475935828877,0.11229946524064172,62.24598930481283,6.542857142857143,13,390
year_month,2024-12,744,46,0.7187981510015407,0.08859784283513099,63.02003081664097,8.113043478260867,19,589
